{
    "human_name": "melonDS",
    "description": "Nintendo DS emulator",
    "platforms": ["Nintendo DS"],
    "runner_executable": "melonds/melonDS",
    "flatpak_id": "net.kuribo64.melonDS",
    "download_url": "https://melonds.kuribo64.net/downloads/melonDS_0.9.5_linux_x64.zip",
    "game_options": [
        {
            "option": "main_file",
            "type": "file",
            "label": "ROM file",
            "help": "A DS ROM",
            "default_path": "game_path"
        }
    ]
}
